{"loss": [1.695008635520935, 0.6272556185722351, 0.3829185962677002, 0.26483970880508423, 0.1954106241464615, 0.15411536395549774, 0.11666321754455566, 0.09930089861154556, 0.0875096246600151, 0.07177772372961044], "accuracy": [0.5491713285446167, 0.8071697950363159, 0.8796358108520508, 0.9166370034217834, 0.9376627206802368, 0.950707733631134, 0.9620599150657654, 0.9683049917221069, 0.971747636795044, 0.9774805903434753], "val_loss": [0.5465896129608154, 0.4108200967311859, 0.2763027250766754, 0.21798183023929596, 0.19468355178833008, 0.16323626041412354, 0.10480417311191559, 0.16148966550827026, 0.0731179490685463, 0.08120476454496384], "val_accuracy": [0.8297860026359558, 0.8718984723091125, 0.9121329188346863, 0.9276121258735657, 0.9371158480644226, 0.9483838081359863, 0.9648303985595703, 0.9517983198165894, 0.9784315824508667, 0.9741065502166748]}